Timestamp,Transaction Type,Asset,Quantity,Spot price (USD),Subtotal (USD),Total incl. fees (USD),Fees (USD),Notes
2024-12-16T15:02:11Z,Buy,BTC,0.50000000,106000.00,53000.00,53212.00,212.00,Bought 0.5 BTC
2025-04-07T16:05:12Z,Sell,BTC,0.50000000,,38500.00,38346.00,154.00,Sold
2025-04-09T14:31:40Z,Buy,SOL,40.0000,,4480.00,4497.92,17.92,Bought
2025-04-18T14:31:40Z,Buy,BTC,0.50000000,,42250.00,42419.00,169.00,Bought
2025-04-22T14:31:40Z,Buy,ETH,8.00000000,1780.00,14240.00,14296.96,56.96,Bought 8 ETH
2025-05-09T12:00:00Z,Receive,ETH,0.21400000,,,,0.00,Received from Kraken (staking rewards withdrawn)
2025-07-14T16:05:12Z,Sell,BTC,1.25000000,,150000.00,149400.00,600.00,Sold
2025-08-22T16:05:12Z,Sell,ETH,6.00000000,,28200.00,28087.20,112.80,Sold
2025-08-22T16:05:12Z,Sell,ETH,2.00000000,,9400.00,9362.40,37.60,Sold
2025-08-23T02:14:55Z,Send,ETH,2.00000000,,,,0.00,Sent 2 ETH to 0x7c3a...91be
2025-09-18T16:05:12Z,Sell,SOL,40.0000,,9800.00,9760.80,39.20,Sold
2025-10-06T16:05:12Z,Sell,BTC,0.50000000,,62000.00,61752.00,248.00,Sold
2025-10-06T16:05:12Z,Sell,BTC,0.60000000,,74400.00,74102.40,297.60,Sold
2025-11-02T19:40:03Z,Send,ETH,1.50000000,,,,0.00,Sent 1.5 ETH to 0x7c3a...91be
2025-12-30T21:10:44Z,Withdrawal,USD,,,25000.00,,0.00,Withdrawal to bank ****5582
