Confirmation code,Guest,Check-in,Check-out,Nights,Accommodation subtotal,Cleaning fee,Gross earnings,Host service fee,Occupancy & sales taxes (collected/remitted by Airbnb),Payout
HM93146682,Brandon W.,04/03/2025,04/05/2025,2,400.00,125.00,525.00,-15.75,66.94,509.25
HM73640804,Hannah T.,04/06/2025,04/09/2025,3,570.00,125.00,695.00,-20.85,88.61,674.15
HM31263683,Grace K.,04/10/2025,04/12/2025,2,400.00,125.00,525.00,-15.75,66.94,509.25
HM42220210,Priya S.,04/12/2025,04/14/2025,2,380.00,125.00,505.00,-15.15,64.39,489.85
HM91137812,Brandon W.,04/15/2025,04/19/2025,4,740.00,125.00,865.00,-25.95,110.29,839.05
HM24090499,Olivia C.,04/20/2025,04/22/2025,2,380.00,125.00,505.00,-15.15,64.39,489.85
HM93431109,Tyler B.,04/22/2025,04/25/2025,3,570.00,125.00,695.00,-20.85,88.61,674.15
HM69426956,Jordan P.,04/26/2025,04/28/2025,2,350.00,125.00,475.00,-14.25,60.56,460.75
HM26320887,Tyler B.,04/29/2025,05/01/2025,2,370.00,125.00,495.00,-14.85,63.11,480.15
HM45295980,Brandon W.,05/01/2025,05/03/2025,2,420.00,125.00,545.00,-16.35,69.49,528.65
HM50315900,Emily R.,05/03/2025,05/09/2025,6,1260.00,125.00,1385.00,-41.55,176.59,1343.45
HM77301535,Devon H.,05/09/2025,05/11/2025,2,390.00,125.00,515.00,-15.45,65.66,499.55
HM79175501,Jordan P.,05/12/2025,05/15/2025,3,585.00,125.00,710.00,-21.30,90.53,688.70
HM93662831,Devon H.,05/17/2025,05/21/2025,4,840.00,125.00,965.00,-28.95,123.04,936.05
HM86387083,Luis G.,05/21/2025,05/23/2025,2,390.00,125.00,515.00,-15.45,65.66,499.55
HM66769212,Marcus L.,05/24/2025,05/27/2025,3,585.00,125.00,710.00,-21.30,90.53,688.70
HM31743232,Olivia C.,05/29/2025,05/31/2025,2,390.00,125.00,515.00,-15.45,65.66,499.55
HM94302019,Kayla M.,06/01/2025,06/05/2025,4,900.00,125.00,1025.00,-30.75,130.69,994.25
HM86385142,Priya S.,06/05/2025,06/08/2025,3,675.00,125.00,800.00,-24.00,102.00,776.00
HM77216308,Devon H.,06/10/2025,06/12/2025,2,480.00,125.00,605.00,-18.15,77.14,586.85
HM23130347,Brandon W.,06/12/2025,06/17/2025,5,1200.00,125.00,1325.00,-39.75,168.94,1285.25
HM42654528,Tyler B.,06/17/2025,06/20/2025,3,675.00,125.00,800.00,-24.00,102.00,776.00
HM66996728,Devon H.,06/21/2025,06/25/2025,4,860.00,125.00,985.00,-29.55,125.59,955.45
HM55576370,Devon H.,06/25/2025,06/27/2025,2,460.00,125.00,585.00,-17.55,74.59,567.45
HM37151526,Hannah T.,06/28/2025,07/01/2025,3,645.00,125.00,770.00,-23.10,98.17,746.90
HM79758642,Emily R.,07/02/2025,07/05/2025,3,690.00,125.00,815.00,-24.45,103.91,790.55
HM89762438,Devon H.,07/07/2025,07/13/2025,6,1530.00,125.00,1655.00,-49.65,211.01,1605.35
HM62647169,Devon H.,07/15/2025,07/17/2025,2,490.00,125.00,615.00,-18.45,78.41,596.55
HM52347028,Kayla M.,07/18/2025,07/21/2025,3,690.00,125.00,815.00,-24.45,103.91,790.55
HM63005925,Tyler B.,07/22/2025,07/26/2025,4,1020.00,125.00,1145.00,-34.35,145.99,1110.65
HM90504259,Olivia C.,07/27/2025,07/29/2025,2,480.00,125.00,605.00,-18.15,77.14,586.85
HM99155756,Kayla M.,07/29/2025,08/01/2025,3,735.00,125.00,860.00,-25.80,109.65,834.20
HM54388231,Grace K.,08/02/2025,08/04/2025,2,460.00,125.00,585.00,-17.55,74.59,567.45
HM22083543,Tyler B.,08/05/2025,08/09/2025,4,860.00,125.00,985.00,-29.55,125.59,955.45
HM13854493,Jordan P.,08/09/2025,08/12/2025,3,660.00,125.00,785.00,-23.55,100.09,761.45
HM81822794,Marcus L.,08/13/2025,08/15/2025,2,430.00,125.00,555.00,-16.65,70.76,538.35
HM36802259,Kayla M.,08/20/2025,08/25/2025,5,1025.00,125.00,1150.00,-34.50,146.62,1115.50
HM78793663,Emily R.,08/26/2025,08/29/2025,3,690.00,125.00,815.00,-24.45,103.91,790.55
HM66960627,Priya S.,08/30/2025,09/03/2025,4,860.00,125.00,985.00,-29.55,125.59,955.45
HM56806364,Kayla M.,09/03/2025,09/05/2025,2,420.00,125.00,545.00,-16.35,69.49,528.65
HM42695822,Olivia C.,09/07/2025,09/10/2025,3,660.00,125.00,785.00,-23.55,100.09,761.45
HM90460965,Luis G.,09/11/2025,09/14/2025,3,660.00,125.00,785.00,-23.55,100.09,761.45
HM63579971,Tyler B.,09/15/2025,09/21/2025,6,1230.00,125.00,1355.00,-40.65,172.76,1314.35
HM74763804,Olivia C.,09/23/2025,09/25/2025,2,420.00,125.00,545.00,-16.35,69.49,528.65
HM57249254,Kayla M.,09/25/2025,09/28/2025,3,615.00,125.00,740.00,-22.20,94.35,717.80
HM62905131,Emily R.,09/30/2025,10/04/2025,4,840.00,125.00,965.00,-28.95,123.04,936.05
HM50535405,Olivia C.,10/06/2025,10/08/2025,2,520.00,125.00,645.00,-19.35,82.24,625.65
HM68363723,Tyler B.,10/08/2025,10/11/2025,3,810.00,125.00,935.00,-28.05,119.21,906.95
HM91942568,Hannah T.,10/18/2025,10/20/2025,2,510.00,125.00,635.00,-19.05,80.96,615.95
HM68827567,Emily R.,10/20/2025,10/24/2025,4,1020.00,125.00,1145.00,-34.35,145.99,1110.65
HM52717765,Hannah T.,10/25/2025,10/28/2025,3,780.00,125.00,905.00,-27.15,115.39,877.85
HM71239657,Hannah T.,10/29/2025,10/31/2025,2,510.00,125.00,635.00,-19.05,80.96,615.95
HM53241080,Devon H.,11/02/2025,11/07/2025,5,1050.00,125.00,1175.00,-35.25,149.81,1139.75
HM85064657,Emily R.,11/09/2025,11/12/2025,3,675.00,125.00,800.00,-24.00,102.00,776.00
HM43061316,Grace K.,11/13/2025,11/17/2025,4,800.00,125.00,925.00,-27.75,117.94,897.25
HM65495043,Olivia C.,11/18/2025,11/20/2025,2,430.00,125.00,555.00,-16.65,70.76,538.35
HM45721056,Emily R.,11/21/2025,11/24/2025,3,675.00,125.00,800.00,-24.00,102.00,776.00
HM28596751,Tyler B.,11/25/2025,11/28/2025,3,600.00,125.00,725.00,-21.75,92.44,703.25
HM71913719,Tyler B.,11/30/2025,12/06/2025,6,1200.00,125.00,1325.00,-39.75,168.94,1285.25
HM82857537,Brandon W.,12/06/2025,12/08/2025,2,500.00,125.00,625.00,-18.75,79.69,606.25
HM70680989,Brandon W.,12/08/2025,12/11/2025,3,735.00,125.00,860.00,-25.80,109.65,834.20
HM56526906,Grace K.,12/13/2025,12/17/2025,4,1000.00,125.00,1125.00,-33.75,143.44,1091.25
TOTAL,,,,192,42195.00,7750.00,49945.00,-1498.35,6368.02,48446.65
