Datetime,Type,Status,From,To,Note,Amount (total),Funding source
2025-01-03T17:13:00,Payment,Complete,Grace Kim,Maria Lopez,nanny week 01/03,-560.00,Venmo balance
2025-01-10T17:20:00,Payment,Complete,Grace Kim,Maria Lopez,nanny week 01/10,-560.00,Venmo balance
2025-01-17T17:27:00,Payment,Complete,Grace Kim,Maria Lopez,nanny week 01/17,-560.00,Venmo balance
2025-01-24T17:34:00,Payment,Complete,Grace Kim,Maria Lopez,nanny week 01/24,-560.00,Venmo balance
2025-01-31T17:41:00,Payment,Complete,Grace Kim,Maria Lopez,nanny week 01/31,-560.00,Venmo balance
2025-02-07T17:17:00,Payment,Complete,Grace Kim,Maria Lopez,nanny week 02/07,-560.00,Venmo balance
2025-02-14T17:24:00,Payment,Complete,Grace Kim,Maria Lopez,nanny week 02/14,-560.00,Venmo balance
2025-02-21T17:31:00,Payment,Complete,Grace Kim,Maria Lopez,nanny week 02/21,-560.00,Venmo balance
2025-02-28T17:38:00,Payment,Complete,Grace Kim,Maria Lopez,nanny week 02/28,-560.00,Venmo balance
2025-03-11T09:02:00,Payment,Complete,Grace Kim,Tom Reyes,soccer carpool gas,-40.00,Venmo balance
2025-03-07T17:17:00,Payment,Complete,Grace Kim,Maria Lopez,nanny week 03/07 + groceries,-560.00,Venmo balance
2025-03-14T17:24:00,Payment,Complete,Grace Kim,Maria Lopez,nanny week 03/14,-560.00,Venmo balance
2025-03-21T17:31:00,Payment,Complete,Grace Kim,Maria Lopez,nanny week 03/21,-560.00,Venmo balance
2025-03-28T17:38:00,Payment,Complete,Grace Kim,Maria Lopez,nanny week 03/28,-560.00,Venmo balance
2025-04-04T17:14:00,Payment,Complete,Grace Kim,Maria Lopez,nanny week 04/04,-560.00,Venmo balance
2025-04-11T17:21:00,Payment,Complete,Grace Kim,Maria Lopez,nanny week 04/11,-560.00,Venmo balance
2025-04-18T17:28:00,Payment,Complete,Grace Kim,Maria Lopez,nanny week 04/18,-560.00,Venmo balance
2025-04-25T17:35:00,Payment,Complete,Grace Kim,Maria Lopez,nanny week 04/25,-560.00,Venmo balance
2025-05-02T17:12:00,Payment,Complete,Grace Kim,Maria Lopez,nanny week 05/02,-560.00,Venmo balance
2025-05-09T17:19:00,Payment,Complete,Grace Kim,Maria Lopez,nanny week 05/09,-560.00,Venmo balance
2025-05-16T17:26:00,Payment,Complete,Grace Kim,Maria Lopez,nanny week 05/16,-560.00,Venmo balance
2025-05-23T17:33:00,Payment,Complete,Grace Kim,Maria Lopez,nanny week 05/23,-560.00,Venmo balance
2025-05-30T17:40:00,Payment,Complete,Grace Kim,Maria Lopez,nanny week 05/30,-560.00,Venmo balance
2025-06-06T17:16:00,Payment,Complete,Grace Kim,Maria Lopez,nanny week 06/06,-560.00,Venmo balance
2025-06-13T17:23:00,Payment,Complete,Grace Kim,Maria Lopez,nanny week 06/13,-560.00,Venmo balance
2025-06-20T17:30:00,Payment,Complete,Grace Kim,Maria Lopez,nanny week 06/20,-560.00,Venmo balance
2025-06-27T17:37:00,Payment,Complete,Grace Kim,Maria Lopez,nanny week 06/27,-560.00,Venmo balance
2025-07-11T17:21:00,Payment,Complete,Grace Kim,Maria Lopez,nanny week 07/11,-560.00,Venmo balance
2025-07-18T17:28:00,Payment,Complete,Grace Kim,Maria Lopez,nanny week 07/18,-560.00,Venmo balance
2025-07-25T17:35:00,Payment,Complete,Grace Kim,Maria Lopez,nanny week 07/25,-560.00,Venmo balance
2025-07-19T12:44:00,Payment,Complete,Grace Kim,Jin Park,BBQ split,-62.50,Venmo balance
2025-08-01T17:11:00,Payment,Complete,Grace Kim,Maria Lopez,nanny week 08/01,-560.00,Venmo balance
2025-08-08T17:18:00,Payment,Complete,Grace Kim,Maria Lopez,nanny week 08/08,-560.00,Venmo balance
2025-08-15T17:25:00,Payment,Complete,Grace Kim,Maria Lopez,nanny week 08/15,-560.00,Venmo balance
2025-08-22T17:32:00,Payment,Complete,Grace Kim,Maria Lopez,nanny week 08/22,-560.00,Venmo balance
2025-08-29T17:39:00,Payment,Complete,Grace Kim,Maria Lopez,nanny week 08/29,-560.00,Venmo balance
2025-09-05T17:15:00,Payment,Complete,Grace Kim,Maria Lopez,nanny week 09/05,-560.00,Venmo balance
2025-09-12T17:22:00,Payment,Complete,Grace Kim,Maria Lopez,nanny week 09/12,-560.00,Venmo balance
2025-09-19T17:29:00,Payment,Complete,Grace Kim,Maria Lopez,nanny week 09/19,-560.00,Venmo balance
2025-09-26T17:36:00,Payment,Complete,Grace Kim,Maria Lopez,nanny week 09/26,-560.00,Venmo balance
2025-10-03T17:13:00,Payment,Complete,Grace Kim,Maria Lopez,nanny week 10/03,-560.00,Venmo balance
2025-10-10T17:20:00,Payment,Complete,Grace Kim,Maria Lopez,nanny week 10/10,-560.00,Venmo balance
2025-10-17T17:27:00,Payment,Complete,Grace Kim,Maria Lopez,nanny week 10/17,-560.00,Venmo balance
2025-10-24T17:34:00,Payment,Complete,Grace Kim,Maria Lopez,nanny week 10/24,-560.00,Venmo balance
2025-10-31T17:41:00,Payment,Complete,Grace Kim,Maria Lopez,nanny week 10/31,-560.00,Venmo balance
2025-11-07T17:17:00,Payment,Complete,Grace Kim,Maria Lopez,nanny week 11/07,-560.00,Venmo balance
2025-11-14T17:24:00,Payment,Complete,Grace Kim,Maria Lopez,nanny week 11/14,-560.00,Venmo balance
2025-11-21T17:31:00,Payment,Complete,Grace Kim,Maria Lopez,nanny week 11/21,-560.00,Venmo balance
2025-11-28T17:38:00,Payment,Complete,Grace Kim,Maria Lopez,nanny week 11/28,-560.00,Venmo balance
2025-12-05T17:15:00,Payment,Complete,Grace Kim,Maria Lopez,nanny week 12/05,-560.00,Venmo balance
2025-12-12T17:22:00,Payment,Complete,Grace Kim,Maria Lopez,nanny week 12/12,-560.00,Venmo balance
2025-12-19T17:29:00,Payment,Complete,Grace Kim,Maria Lopez,nanny week 12/19,-560.00,Venmo balance
