created (UTC),type,customer,description / invoice,amount,fee,net,status
2025-04-18,charge,Huron Pilates Studio,LMD-101,1200.00,35.10,1164.90,paid out
2025-05-14,charge,Arbor Brewing Collective Inc.,LMD-104,2350.00,68.45,2281.55,paid out
2025-06-02,charge,Arbor Brewing Collective Inc.,LMD-103,1500.00,43.80,1456.20,paid out
2025-07-09,charge,Arbor Brewing Collective Inc.,LMD-107,1500.00,43.80,1456.20,paid out
2025-07-30,charge,Arbor Brewing Collective Inc.,LMD-108,900.00,26.40,873.60,paid out
2025-08-06,charge,Arbor Brewing Collective Inc.,LMD-109,500.00,14.80,485.20,paid out
2025-08-20,charge,Sparrow Books,LMD-110,400.00,11.90,388.10,paid out
2025-09-03,charge,Arbor Brewing Collective Inc.,LMD-111,1650.00,48.15,1601.85,paid out
2025-10-22,charge,Arbor Brewing Collective Inc.,LMD-115,1100.00,32.20,1067.80,paid out
2025-11-12,charge,Washtenaw Yoga Collective,LMD-117,800.00,23.50,776.50,paid out
2025-12-05,charge,Sparrow Books,LMD-119,500.00,14.80,485.20,paid out
