Date,Buyer (Marketplace),Item,Gross,Fee,Net,Client note - what I paid
2025-04-19,Marketplace buyer #1,Graco 4Ever car seat,85.0,0,85.0,~300 (2019)
2025-04-26,Marketplace buyer #2,Crib + mattress,300.0,0,300.0,~650 (2018)
2025-05-03,Marketplace buyer #3,Sofa (sectional),750.0,0,750.0,"2,100 (2020)"
2025-05-17,Marketplace buyer #4,Kids bike + toys lot,120.0,0,120.0,~400
2025-05-24,Marketplace buyer #5,Dining table + 4 chairs,550.0,0,550.0,"1,300 (2019)"
2025-06-07,Marketplace buyer #6,Bedroom dresser + nightstands,900.0,0,900.0,"2,400 (2020)"
2025-06-14,Marketplace buyer #7,TV 55in,260.0,0,260.0,680 (2021)
2025-06-21,various (14 buyers),baby clothes / stroller / high chair / misc,1755.4,0,1755.4,way more
2025-07-12,various (9 buyers),household items (move),1560.0,0,1560.0,way more
2025-08-09,various (6 buyers),books / toys,312.0,0,312.0,
2025-09-13,various (4 buyers),"old desk, lamps",220.0,0,220.0,~500
TOTAL,,,6812.4,0,6812.4,all personal stuff - sold at a loss
