Description,Date Acquired,Date Sold,Proceeds (USD),Cost Basis (USD),Gain/Loss (USD),Holding Period,Source,Notes
0.50000000 BTC,12/16/2024,04/07/2025,38500.00,53366.00,-14866.00,Short-term,Coinbase,
40.0000 SOL,04/09/2025,09/18/2025,9800.00,4537.12,5262.88,Short-term,Coinbase,
6.00000000 ETH,04/22/2025,08/22/2025,28200.00,10835.52,17364.48,Short-term,Coinbase,
0.50000000 BTC,04/18/2025,10/06/2025,62000.00,42667.00,19333.00,Short-term,Coinbase,
1.25000000 BTC,03/02/2021,07/14/2025,150000.00,61467.50,88532.50,Long-term,Coinbase,
0.60000000 BTC,11/10/2022,10/06/2025,74400.00,10538.40,63861.60,Long-term,Coinbase,
2.00000000 ETH,06/20/2022,08/22/2025,9400.00,2346.80,7053.20,Long-term,Coinbase,
"2.0 ETH -> 8,900 USDC",04/22/2025,08/24/2025,8900.00,3588.44,5311.56,Short-term,MetaMask (0x7c3a...91be),
NFT 'Chromatic Drift #214',02/05/2023,11/12/2025,12285.00,3308.62,8976.38,Long-term,MetaMask (0x7c3a...91be),Collectible (NFT)
