Reservation,Check-in,Nights,Gross booking (excl. taxes remitted by VRBO),Host service fee,Payment processing,Payout
HA-8840,2025-05-09,3,720,36.0,21.6,662.4
HA-8841,2025-05-23,3,720,36.0,21.6,662.4
HA-8842,2025-06-06,4,960,48.0,28.8,883.2
HA-8843,2025-06-20,7,1680,84.0,50.4,1545.6
HA-8844,2025-07-18,4,1000,50.0,30.0,920.0
HA-8845,2025-07-25,5,1250,62.5,37.5,1150.0
HA-8846,2025-08-01,5,1225,61.25,36.75,1127.0
HA-8847,2025-08-22,7,1715,85.75,51.45,1577.8
HA-8848,2025-09-05,4,940,47.0,28.2,864.8
HA-8849,2025-09-26,4,940,47.0,28.2,864.8
HA-8850,2025-10-03,5,1190,59.5,35.7,1094.8
HA-8851,2025-10-17,5,1190,59.5,35.7,1094.8
HA-8852,2025-11-07,3,690,34.5,20.7,634.8
HA-8853,2025-12-05,3,660,33.0,19.8,607.2
TOTAL,,62,14880.0,744.0,446.4,13689.6
